start,end,today,Consentimiento Informado,FECHA DE DILIGENCIAMIENTO,Departamento,La información que compartas en este instrumento es anónima y sólo será usada para fines investigativos.,Nombre del Centro de Desarrollo Infantil.,"Narra una historia relacionada con una situación significativa para ti (positiva, negativa, interesante o mixta), que hayas vivido o que estés viviendo como agente educativo en el Centro de Desarrollo Infantil",Ponle un hashtag (#) o un título a tu historia:,La historia que contaste te genera,¿Con qué frecuencia sucede la situación que narraste en la historia? ,"En general, mi experiencia se relaciona con...","En general, mi experiencia se relaciona con.../La apropiación y uso de herramientas tecnológicas.","En general, mi experiencia se relaciona con.../Las formas como están organizadas las rutinas diarias.","En general, mi experiencia se relaciona con.../La vinculación de las familias a las propuestas del Centro de Desarrollo Infantil.","En general, mi experiencia se relaciona con.../Los momentos de alimentación de las niñas y los niños.","En general, mi experiencia se relaciona con.../El desempeño de los docentes y sus prácticas.","En general, mi experiencia se relaciona con.../La disposición intencionada de los espacios y ambientes.","En general, mi experiencia se relaciona con.../La calidad de las interacciones entre los actores.","En general, mi experiencia se relaciona con.../El acompañamiento a las transiciones de las niñas y los niños.","En general, mi experiencia se relaciona con.../La documentación de las experiencias realizadas en el Centro de Desarrollo Infantil.","En general, mi experiencia se relaciona con.../El trabajo colaborativo entre las y los Agentes Educativos.","En general, mi experiencia se relaciona con.../Otro",¿Cuál es el actor principal de tu historia?,"Si en la anterior pregunta tu respuesta fue ""Otro"", escribe cuál","Mientras escribías la historia, sentiste que","De las siguientes habilidades, elige cuáles tienes tú que ayudan a fortalecer la situación que narraste en la historia o contribuyen a una posible solución","De las siguientes habilidades, elige cuáles tienes tú que ayudan a fortalecer la situación que narraste en la historia o contribuyen a una posible solución/Habilidades artísticas: bailar, cantar, actuar/representar, dibujar/pintar, tocar instrumentos, modelar, jugar.","De las siguientes habilidades, elige cuáles tienes tú que ayudan a fortalecer la situación que narraste en la historia o contribuyen a una posible solución/Habilidades comunicativas: contar historias, argumentar, conversar, exponer ideas, escribir textos, leer y comprender.","De las siguientes habilidades, elige cuáles tienes tú que ayudan a fortalecer la situación que narraste en la historia o contribuyen a una posible solución/Habilidades socioemocionales:  meditar, acompañar y guiar, sentido del humor, incentivar y motivar, compartir y ser solidario, auto-regulación.","De las siguientes habilidades, elige cuáles tienes tú que ayudan a fortalecer la situación que narraste en la historia o contribuyen a una posible solución/Habilidades manuales: tejer, sembrar, cocinar.","De las siguientes habilidades, elige cuáles tienes tú que ayudan a fortalecer la situación que narraste en la historia o contribuyen a una posible solución/Habilidades socio-ambientales: cuidado de sí mismo, de otros y de la naturaleza.","De las siguientes habilidades, elige cuáles tienes tú que ayudan a fortalecer la situación que narraste en la historia o contribuyen a una posible solución/Ninguna de las anteriores","De las siguientes competencias del Siglo XXI, elige cuáles tienes tú que ayudan a fortalecer la situación que narraste en la historia o contribuyen a una posible solución ","De las siguientes competencias del Siglo XXI, elige cuáles tienes tú que ayudan a fortalecer la situación que narraste en la historia o contribuyen a una posible solución /Trabajo Colaborativo.","De las siguientes competencias del Siglo XXI, elige cuáles tienes tú que ayudan a fortalecer la situación que narraste en la historia o contribuyen a una posible solución /Sostenibilidad.","De las siguientes competencias del Siglo XXI, elige cuáles tienes tú que ayudan a fortalecer la situación que narraste en la historia o contribuyen a una posible solución /Pensamiento Crítico.","De las siguientes competencias del Siglo XXI, elige cuáles tienes tú que ayudan a fortalecer la situación que narraste en la historia o contribuyen a una posible solución /Resolución de problemas.","De las siguientes competencias del Siglo XXI, elige cuáles tienes tú que ayudan a fortalecer la situación que narraste en la historia o contribuyen a una posible solución /Manejo de herramientas tecnológicas.","De las siguientes competencias del Siglo XXI, elige cuáles tienes tú que ayudan a fortalecer la situación que narraste en la historia o contribuyen a una posible solución /Manejo de la Información y Comunicación.","De las siguientes competencias del Siglo XXI, elige cuáles tienes tú que ayudan a fortalecer la situación que narraste en la historia o contribuyen a una posible solución /Creatividad e Innovación.","De las siguientes competencias del Siglo XXI, elige cuáles tienes tú que ayudan a fortalecer la situación que narraste en la historia o contribuyen a una posible solución /Vida y Carrera.","De acuerdo con la historia que contaste, cuál fue tu rol como agente educativo/a.",_id,_uuid,_submission_time,_validation_status,_index
2020-11-06T09:46:57.214-05:00,2020-11-06T10:19:04.204-05:00,2020-11-05,Sí,2020-11-06,Atlántico,,IED de formación técnica diversificada Alberto Assa,"Durante este proceso de la virtualidad se a observado como algunos padres a ayudado a sus hijos en el desarrollo de las actividades propuestas, envían sus videos donde se puede ver, no solo a los padres, sino también a los demás miembros de la familia realizando con el niño o niña esas actividades ya sea dramatizando, cantando, haciendo alguna manualidad o actividad de motricidad gruesa.",Apoyo en la virtualidad,Alegría,De vez en cuando,La apropiación y uso de herramientas tecnológicas. La vinculación de las familias a las propuestas de la Institución Educativa. La disposición intencionada de los espacios y ambientes. La calidad de las interacciones entre los actores. El acompañamiento a las transiciones de las niñas y los niños.,1,0,1,0,0,1,1,1,0,0,0,Familias y otras personas significativas,,Fui muy honesto y conté lo que me pasó,"Habilidades artísticas: bailar, cantar, actuar/representar, dibujar/pintar, tocar instrumentos, modelar, jugar. Habilidades comunicativas: contar historias, argumentar, conversar, exponer ideas, escribir textos, leer y comprender. Habilidades socioemocionales:  meditar, acompañar y guiar, sentido del humor, incentivar y motivar, compartir y ser solidario, auto-regulación. Habilidades manuales: tejer, sembrar, cocinar. Habilidades socio-ambientales: cuidado de sí mismo, de otros y de la naturaleza.",1,1,1,1,1,0,Trabajo Colaborativo. Sostenibilidad. Pensamiento Crítico. Resolución de problemas. Manejo de herramientas tecnológicas. Manejo de la Información y Comunicación. Creatividad e Innovación.,1,1,1,1,1,1,1,0,Acompañar a las familias para que apoyen el desarrollo de sus hijos.,135468737,8c5bee72-6b30-41b1-93ff-7b8cfd8c563b,2020-11-06T15:19:03,,1
2020-10-30T08:54:55.513-05:00,2020-10-30T09:00:42.161-05:00,2020-10-29,Sí,2020-10-30,Atlántico,,institucion educativa distrital tecnica pablo neruda,"Mi narración  positiva significativa es poder compartir con mis estudiantes por este medio,verlos afanados en mirar a todos sus compañritos y otros curiosos porque para ellos es nuevo este metodo virtual.",EDUCACION DEL SIGLO XXI,Motivación,Todo el tiempo,La apropiación y uso de herramientas tecnológicas.,1,0,0,0,0,0,0,0,0,0,0,Familias y otras personas significativas,,Reflexioné y aprendí algo nuevo,"Habilidades socioemocionales:  meditar, acompañar y guiar, sentido del humor, incentivar y motivar, compartir y ser solidario, auto-regulación.",0,0,1,0,0,0,Trabajo Colaborativo.,1,0,0,0,0,0,0,0,Acompañar a las familias para que apoyen el desarrollo de sus hijos.,133729698,c12e4b67-c35a-4e98-bc21-e82dd2cdb296,2020-10-30T14:00:35,,2
2020-10-30T09:00:31.692-05:00,2020-10-30T09:03:40.793-05:00,2020-10-29,Sí,2020-10-30,Atlántico,,Cotediba,Me encanta el trabajo con los niños pequeños y ver cómo cada día  crecen y aprenden cosas nuevas.,Amor por enseñar,Alegría,Todo el tiempo,Otro,0,0,0,0,0,0,0,0,0,0,1,Niños/niñas,,Fui muy honesto y conté lo que me pasó,"Habilidades comunicativas: contar historias, argumentar, conversar, exponer ideas, escribir textos, leer y comprender.",0,1,0,0,0,0,Creatividad e Innovación.,0,0,0,0,0,0,1,0,Potenciar el desarrollo de los niños y las niñas.,133730873,8ba2c7f4-1554-45a2-8aa8-58140f14b3c9,2020-10-30T14:03:42,,3
2020-10-30T09:00:53.935-05:00,2020-10-30T09:06:43.285-05:00,2020-10-29,Sí,2020-10-30,Atlántico,,Cotediba,"Lo positivo de cada experiencia anual ha Sido ver a mis pequeños su avance significativo académicamente, emocionante ver su proceso lector, escritor y de compresión es muy satisfactorio, sé que entrar a un primero con muy buenas bases",#LeoyAprendoConAmor,Alegría,Todo el tiempo,El acompañamiento a las transiciones de las niñas y los niños.,0,0,0,0,0,0,0,1,0,0,0,Niños/niñas,,Fui muy honesto y conté lo que me pasó,"Habilidades comunicativas: contar historias, argumentar, conversar, exponer ideas, escribir textos, leer y comprender.",0,1,0,0,0,0,Creatividad e Innovación.,0,0,0,0,0,0,1,0,Potenciar el desarrollo de los niños y las niñas.,133731948,5133b591-cf4f-4127-a358-48ee40126779,2020-10-30T14:06:45,,4
2020-10-30T08:50:09.308-05:00,2020-10-30T09:14:38.939-05:00,2020-10-29,Sí,2020-10-30,Atlántico,,IED Sarid Arteta de Vasquez,"en la enseñanza de nociones de ingles, usualmente trato de dramatizar lo que voy expresando en ese idioma para que los niños desde su contexto cotidiano vayan dándole sentido. Es enriquecedor, porque los niños se entusiasman al verificar que es cierto lo que ellos resignifican en ambos lenguajes y percibo que es mas fácil su aprendizaje. Ejemplo de ello, es cuando trabajamos los saludos....salgo del curso cierro la puerta y con entusiasmo los saludo en ingles y ellos se sorprenden...luego les explico con señas que ellos respondan mi saludo igual y motivados lo hacen...así lo repito varias veces. Ya en los dias posteriores cuando salgo del curso y vuelvo entrar saludándolos en inglés ellos ya saben que responder.",#aprendiendoinglesludicamente,Motivación,De vez en cuando,Las formas como están organizadas las rutinas diarias. La disposición intencionada de los espacios y ambientes. La calidad de las interacciones entre los actores.,0,1,0,0,0,1,1,0,0,0,0,Agentes educativos,,Fui muy honesto y conté lo que me pasó,"Habilidades comunicativas: contar historias, argumentar, conversar, exponer ideas, escribir textos, leer y comprender.",0,1,0,0,0,0,Creatividad e Innovación. Vida y Carrera.,0,0,0,0,0,0,1,1,Potenciar el desarrollo de los niños y las niñas.,133734942,12c16d49-1dbe-4ab8-8588-007f9847fc7f,2020-10-30T14:14:39,,5
2020-10-30T08:50:27.930-05:00,2020-10-30T09:17:27.724-05:00,2020-10-29,Sí,2020-10-30,Atlántico,,Institución Educativa Ddistrital Concentración Cevillar,"Para una transición segura de los niños para transición invitamos a niños del CDI y de las guarderias, Donde todas las docentes de primero y transición nos vestimos de forma creativa, con tutus para dar una gran bienvenida a los niños  realizamos una carpa con cintas de colores elaboradas en tela quirúrjica de colores, colocamos cojines en el suelo para hacer lectura de cuentos y brindarles espacios para que interactuen con diferentes recursos y construyan diferentes elementos e interactuen con sus demas compañeros.",#Mi gran día para recivirte,Motivación,Todo el tiempo,La disposición intencionada de los espacios y ambientes.,0,0,0,0,0,1,0,0,0,0,0,Niños/niñas,,Fui muy honesto y conté lo que me pasó,"Habilidades artísticas: bailar, cantar, actuar/representar, dibujar/pintar, tocar instrumentos, modelar, jugar.",1,0,0,0,0,0,Trabajo Colaborativo.,1,0,0,0,0,0,0,0,Potenciar el desarrollo de los niños y las niñas.,133736138,dfd2e486-fda1-4de5-9aa3-5ae45596fbe1,2020-10-30T14:17:29,,6
2020-10-30T07:39:01.215-05:00,2020-10-30T09:17:32.958-05:00,2020-10-29,Sí,2020-10-30,Bogotá,,Bogotá,fff,#,Alegría,Única vez,Otro,0,0,0,0,0,0,0,0,0,0,1,Agentes educativos,,Me dio curiosidad e inventé la historia,Ninguna de las anteriores,0,0,0,0,0,1,Creatividad e Innovación.,0,0,0,0,0,0,1,0,Solucionar la situación poniendo en práctica mis conocimientos profesionales y personales.,133736151,37d756cf-07c1-4dcd-91bf-054f8f9a15ec,2020-10-30T14:17:33,,7
2020-10-30T08:52:52.661-05:00,2020-10-30T09:17:45.010-05:00,2020-10-29,Sí,2020-10-30,Atlántico,,IED CARRIZAL,"una estrategia muy positiva ha sido trabajar con los cuentos para incentivar la lectura , tenemos cuentos para cada letra que vamos enseñanado y cambiando el metodo silabico por el fonetico , instruyendo a los padres en este neuvo metodo , no ha sido facil, pero estamos tratando de cambiar todo un proceso que ya viene  metido en nuestros sistema .pero vamos por buen camino",#innovandoenlalecturafoneticaglobal,Motivación,Todo el tiempo,La vinculación de las familias a las propuestas de la Institución Educativa. El desempeño de los docentes y sus prácticas.,0,0,1,0,1,0,0,0,0,0,0,Niños/niñas,,Me confundí y no sabía qué contar,"Habilidades comunicativas: contar historias, argumentar, conversar, exponer ideas, escribir textos, leer y comprender.",0,1,0,0,0,0,Trabajo Colaborativo.,1,0,0,0,0,0,0,0,Potenciar el desarrollo de los niños y las niñas.,133736232,0bb27925-ab9a-4177-aa22-b6163e4b95cd,2020-10-30T14:17:46,,8
2020-10-30T09:00:28.978-05:00,2020-10-30T09:17:52.265-05:00,2020-10-29,Sí,2020-10-30,Atlántico,,Institución Educativa Distrital de Carrizal,"Una de las historias significativas que he tenido fue con un estudiantes de inclusión durante los 3 años que le di clase siempre fue el niño jocoso del salón y que no se autorregulaba dentro del aula, además las actividades académicas no las realizaba y siempre tenía una excusa (no lo ayudaban en casa), pero durante el desarrollo de un tema de lenguaje les pedí a los estudiantes que prepararan una exposición a través de una infografía hecha por ellos (del tema que más le gustara) y Edgar me sorprendió mucho porque participo ante sus compañeros con toda la disposición y al final me abrazo por nervios que le genero estar frente al salón de clases exponiendo. Esta experiencia me sorprendió porque a pesar de las dificultades académicas y de comportamiento se animo a realizar la exposición y sobre todo la empatía que demostró al recurrir a mi por un abrazo para tranquilizarse. Después de esto se esmeraba por realizar las actividades en clase y participar.",#Edgarvenciendosustemores,Motivación,De vez en cuando,La disposición intencionada de los espacios y ambientes.,0,0,0,0,0,1,0,0,0,0,0,Niños/niñas,,Fui muy honesto y conté lo que me pasó,"Habilidades socioemocionales:  meditar, acompañar y guiar, sentido del humor, incentivar y motivar, compartir y ser solidario, auto-regulación.",0,0,1,0,0,0,Trabajo Colaborativo. Pensamiento Crítico. Manejo de herramientas tecnológicas. Creatividad e Innovación.,1,0,1,0,1,0,1,0,Potenciar el desarrollo de los niños y las niñas.,133736277,ab8cd7bb-501d-41c3-843b-e4b40ec60975,2020-10-30T14:17:54,,9
2020-10-30T09:07:56.711-05:00,2020-10-30T09:17:57.681-05:00,2020-10-29,Sí,2020-10-30,Atlántico,,IED Concentración Cevillar,"Una experiencia el año pasado con una estudiante que habia repetido 2 veces el grado primero, y fue mucha la entrega y dedicación por parte de la niña, los padres de familia y la docente... q la niña resultó ser una de las mejores estudiantes.",La perseverancia,Motivación,De vez en cuando,La vinculación de las familias a las propuestas de la Institución Educativa.,0,0,1,0,0,0,0,0,0,0,0,Familias y otras personas significativas,,Fui muy honesto y conté lo que me pasó,"Habilidades socioemocionales:  meditar, acompañar y guiar, sentido del humor, incentivar y motivar, compartir y ser solidario, auto-regulación.",0,0,1,0,0,0,Trabajo Colaborativo. Resolución de problemas. Creatividad e Innovación.,1,0,0,1,0,0,1,0,Acompañar a las familias para que apoyen el desarrollo de sus hijos.,133736311,83991b1c-a0b6-4174-b0d6-0d7ca90a0714,2020-10-30T14:17:59,,10
2020-10-30T06:56:34.906-05:00,2020-10-30T07:15:41.256-05:00,2020-10-29,Sí,2020-10-30,Atlántico,,Institución Educativa Distrital José Consuegra Higgins,"Es una situación positiva que inicia en el año 2.018. Tuve a mi cargo un estudiante, muy inteligente, comunicativo y preocupado por su presentación personal. Pero en casa sus padres discutían mucho y esto a el le afectaba en gran medida.Yo notaba que habia tenido problemas en casa por su actitud llegaba muy desanimado y pensativo. Realice la ruta adecuada en el colegio sus padres recibieron orientaciones y mejoraron su convivencia. Estos padres comprendieron lo importante que eran para su hijo. El año pasado tuve la oportunidad de ver al niño me saludo y me dijo sin que yo le preguntara mis papás están bien y así voy a ganar todos los años. Sentí que realice un gran aporte en su formación.",#Los padres son muy importantes en el proceso educativo.,Motivación,De vez en cuando,El acompañamiento a las transiciones de las niñas y los niños.,0,0,0,0,0,0,0,1,0,0,0,Niños/niñas,,Fui muy honesto y conté lo que me pasó,"Habilidades socioemocionales:  meditar, acompañar y guiar, sentido del humor, incentivar y motivar, compartir y ser solidario, auto-regulación.",0,0,1,0,0,0,Resolución de problemas. Manejo de la Información y Comunicación.,0,0,0,1,0,1,0,0,Acompañar a las familias para que apoyen el desarrollo de sus hijos.,133736669,9e420499-377d-45e8-b55a-2780e21e1a1a,2020-10-30T14:19:08,,11
2020-10-30T08:53:07.665-05:00,2020-10-30T09:19:53.354-05:00,2020-10-29,Sí,2020-10-30,Atlántico,,Ied Carrizal,"La experiencia  positiva  fue enseñar a los niños a crear titeres en sus  deditos, ver como se ayudaban el sentido de colaboración, trabajo en equipo, compartir y al final los niños conversaban y crearon historias con sus titeres. Termino siendo un dia muy alegre, muchas risas y significativo.",Aprender jugando,Motivación,De vez en cuando,La vinculación de las familias a las propuestas de la Institución Educativa. La disposición intencionada de los espacios y ambientes. El trabajo colaborativo entre las docentes.,0,0,1,0,0,1,0,0,0,1,0,Niños/niñas,,Fui muy honesto y conté lo que me pasó,"Habilidades artísticas: bailar, cantar, actuar/representar, dibujar/pintar, tocar instrumentos, modelar, jugar.",1,0,0,0,0,0,Trabajo Colaborativo. Resolución de problemas. Creatividad e Innovación.,1,0,0,1,0,0,1,0,Potenciar el desarrollo de los niños y las niñas.,133736928,03b0d363-22dc-4d79-9ef2-c6a157bb5990,2020-10-30T14:19:55,,12
2020-10-30T08:56:26.429-05:00,2020-10-30T09:23:02.229-05:00,2020-10-29,Sí,2020-10-30,Atlántico,,IED de Carrizal,"A mi me encanta dramatizar las clases. un día me disfrace de payaso donde descubrí que un simple disfraz los niños  quedaron encantados con los colores y figuras geométricas, demostramos además la inmensa cantidad de cosas que nos rodean y que se encuentran en todo el mundo",#MiDestrezaArtistica,Motivación,Todo el tiempo,El desempeño de los docentes y sus prácticas.,0,0,0,0,1,0,0,0,0,0,0,Niños/niñas,,Fui muy honesto y conté lo que me pasó,"Habilidades artísticas: bailar, cantar, actuar/representar, dibujar/pintar, tocar instrumentos, modelar, jugar.",1,0,0,0,0,0,Trabajo Colaborativo.,1,0,0,0,0,0,0,0,Dar cumplimiento a los criterios de calidad de la educación inicial en el marco de la atención integral.,133738109,207f29b4-07f9-4c8b-a5bd-260906a2fb14,2020-10-30T14:23:04,,13
2020-10-30T08:51:11.063-05:00,2020-10-30T09:23:11.868-05:00,2020-10-29,Sí,2020-10-30,Atlántico,,Institución Educativa Distrital Carrizal,"Debido a la pandemia ha sido dificil acompañar a los niños en sus dificultades de lectura y escritura ya que la mayoría de los niños tienen problemas de conectividad. Sin embargo, logré trabajar por llamadas telefónica con una niña que necesitaba un refuerzo intensivo.",#refuerzoporvíatelefónica,Tranquilidad,Única vez,El acompañamiento a las transiciones de las niñas y los niños.,0,0,0,0,0,0,0,1,0,0,0,Niños/niñas,,Fui muy honesto y conté lo que me pasó,"Habilidades comunicativas: contar historias, argumentar, conversar, exponer ideas, escribir textos, leer y comprender. Habilidades socioemocionales:  meditar, acompañar y guiar, sentido del humor, incentivar y motivar, compartir y ser solidario, auto-regulación.",0,1,1,0,0,0,Resolución de problemas. Manejo de herramientas tecnológicas. Manejo de la Información y Comunicación.,0,0,0,1,1,1,0,0,Solucionar la situación poniendo en práctica mis conocimientos profesionales y personales.,133738146,96b50430-0ff1-4ee0-ad23-2efb7cac0a6e,2020-10-30T14:23:12,,14
2020-10-30T09:16:49.165-05:00,2020-10-30T09:23:37.176-05:00,2020-10-29,Sí,2020-10-30,Atlántico,,Sarid Arteta de Vásquez,"Uno de mis estudiantes es un poco inquieto y me comentó su mami que era difícil que el trabajará sin dejar de levantarse,corriendo dentro de la casa bueno yo les envié una actividad donde el podía realizarla como el quisiera y la hizo cantando y lo hizo muy bien de ahora en adelante trata de hacer las actividades poniendoles ritmos",Mi canción favorita,Alegría,De vez en cuando,La vinculación de las familias a las propuestas de la Institución Educativa.,0,0,1,0,0,0,0,0,0,0,0,Niños/niñas,,Fui muy honesto y conté lo que me pasó,"Habilidades artísticas: bailar, cantar, actuar/representar, dibujar/pintar, tocar instrumentos, modelar, jugar.",1,0,0,0,0,0,Creatividad e Innovación.,0,0,0,0,0,0,1,0,Acompañar a las familias para que apoyen el desarrollo de sus hijos.,133738282,3c365476-2a81-46e3-af84-7e30aea60e34,2020-10-30T14:23:38,,15
2020-10-30T08:51:58.351-05:00,2020-10-30T09:24:56.690-05:00,2020-10-29,Sí,2020-10-30,Atlántico,,Institución educativa distrital Sarid Arteta de Vásquez,"Pipe es un niño que nunca fue a la educación preescolar. En el 2020 inició su vida escolar en Primer grado de Básica Primaria. Al entrar, su maestra notó que no podía si quiera agarrar el lápiz, y pensó en lo complejo que podría ser el inicio en este nivel escolar teniendo en cuenta la diferencia de su aprendizaje con respecto al resto del grupo. A esto se sumó que inició la pandemia que cerró el trabajo en las escuelas. Hoy, después de siete meses, Pipe es cacpaz de leer en un nivel silábico inicial, está interesado por aprender y disfruta de las matemáticas iniciales. La mamá de Pipe se comprometió, y en conjunto con su maestra han sacado a este chiquitín adelante, a pesar de la distancia y los límites tecnológicos.",#sísepuede,Motivación,Única vez,Las formas como están organizadas las rutinas diarias. La vinculación de las familias a las propuestas de la Institución Educativa. El acompañamiento a las transiciones de las niñas y los niños.,0,1,1,0,0,0,0,1,0,0,0,Familias y otras personas significativas,,Fui muy honesto y conté lo que me pasó,"Habilidades comunicativas: contar historias, argumentar, conversar, exponer ideas, escribir textos, leer y comprender. Habilidades socioemocionales:  meditar, acompañar y guiar, sentido del humor, incentivar y motivar, compartir y ser solidario, auto-regulación.",0,1,1,0,0,0,Trabajo Colaborativo. Resolución de problemas. Manejo de la Información y Comunicación.,1,0,0,1,0,1,0,0,Acompañar a las familias para que apoyen el desarrollo de sus hijos.,133738672,5b771a8a-8086-4f08-a2e4-3d0aea878abd,2020-10-30T14:24:56,,16
2020-10-30T08:54:04.497-05:00,2020-10-30T09:26:19.684-05:00,2020-10-29,Sí,2020-10-30,Atlántico,,I.E.D.T.Pablo Neruda,"Una historia significativa que estoy viviendo en la Instituciòn educativa en estos momentos de pandemia es que en alto porcentaje los padres de familia y niños han realizado sus actividades escolares, enviando sus evidencias por Whatsapp con fotos, videos y participaciòn en el programa aprendamos todos a leer",La inesperada Pandemia 2020,Motivación,Única vez,La apropiación y uso de herramientas tecnológicas. La vinculación de las familias a las propuestas de la Institución Educativa. El acompañamiento a las transiciones de las niñas y los niños.,1,0,1,0,0,0,0,1,0,0,0,Otro,Toda la comunidad educativa,Fui muy honesto y conté lo que me pasó,"Habilidades socioemocionales:  meditar, acompañar y guiar, sentido del humor, incentivar y motivar, compartir y ser solidario, auto-regulación.",0,0,1,0,0,0,Resolución de problemas. Manejo de herramientas tecnológicas.,0,0,0,1,1,0,0,0,Solucionar la situación poniendo en práctica mis conocimientos profesionales y personales.,133739143,b4069d29-75a2-4fd4-9fe2-0f4cc5a57904,2020-10-30T14:26:20,,17
2020-10-30T09:27:07.847-05:00,2020-10-30T09:32:47.595-05:00,2020-10-29,Sí,2020-10-30,Atlántico,,Ied Sarid arteta de vasquez,"Una experiencia significativa en este momento sería,la que trajo el trabajo virtual y la",La era de la conectividad,Motivación,Única vez,La apropiación y uso de herramientas tecnológicas.,1,0,0,0,0,0,0,0,0,0,0,Niños/niñas,,Fui muy honesto y conté lo que me pasó,"Habilidades socioemocionales:  meditar, acompañar y guiar, sentido del humor, incentivar y motivar, compartir y ser solidario, auto-regulación.",0,0,1,0,0,0,Trabajo Colaborativo.,1,0,0,0,0,0,0,0,Acompañar a las familias para que apoyen el desarrollo de sus hijos.,133741107,fc71cacc-d331-4b95-ab62-eeab157e892b,2020-10-30T14:32:48,,18
2020-10-30T08:53:12.553-05:00,2020-10-30T09:34:21.893-05:00,2020-10-29,Sí,2020-09-30,Atlántico,,COTEDIBA,"Hace unos días, estaba de cumpleaños una de mis estudiantes, durante el  trascurso de la semana anterior a la fecha, en algunos encuentros con ella   tocaba el tema de de su cumpleaños   frecuentementepor tal razón decidí darle un asorpresa con undetalle y la visité en su casa, fue muy emocionante para ella y su familia y muy significativo para mi.r ella el tema  el tema de su cumpleaños mensajes orales de sobre su cumpleaños ,en los encuentros que con ella por video llamadas ante el  trascurso de la semanatrascurso sde la semana",Sorpresa inesperada,Alegría,Única vez,La calidad de las interacciones entre los actores.,0,0,0,0,0,0,1,0,0,0,0,Familias y otras personas significativas,,Fui muy honesto y conté lo que me pasó,"Habilidades socioemocionales:  meditar, acompañar y guiar, sentido del humor, incentivar y motivar, compartir y ser solidario, auto-regulación.",0,0,1,0,0,0,Creatividad e Innovación.,0,0,0,0,0,0,1,0,Potenciar el desarrollo de los niños y las niñas.,133741629,332d28be-540b-4d3a-bc28-ebda584a80d4,2020-10-30T14:34:23,,19
2020-10-30T08:53:12.553-05:00,2020-10-30T09:34:42.122-05:00,2020-10-29,Sí,2020-09-30,Atlántico,,COTEDIBA,"Hace unos días, estaba de cumpleaños una de mis estudiantes, durante el  trascurso de la semana anterior a la fecha, en algunos encuentros con ella   tocaba el tema de de su cumpleaños   frecuentementepor tal razón decidí darle un asorpresa con undetalle y la visité en su casa, fue muy emocionante para ella y su familia y muy significativo para mi.r ella el tema  el tema de su cumpleaños mensajes orales de sobre su cumpleaños ,en los encuentros que con ella por video llamadas ante el  trascurso de la semanatrascurso sde la semana",Sorpresa inesperada,Alegría,Única vez,La calidad de las interacciones entre los actores.,0,0,0,0,0,0,1,0,0,0,0,Familias y otras personas significativas,,Fui muy honesto y conté lo que me pasó,"Habilidades socioemocionales:  meditar, acompañar y guiar, sentido del humor, incentivar y motivar, compartir y ser solidario, auto-regulación.",0,0,1,0,0,0,Creatividad e Innovación.,0,0,0,0,0,0,1,0,Potenciar el desarrollo de los niños y las niñas.,133741749,332d28be-540b-4d3a-bc28-ebda584a80d4,2020-10-30T14:34:43,,20
2020-10-30T11:16:19.484-05:00,2020-10-30T11:57:27.123-05:00,2020-10-29,Sí,2020-10-30,Atlántico,,Sarid Arteta De Vásquez,"En esté aprendizaje virtual que estamos viviendo,en mi grupo una mamá estaba muy negativa en las participaciones de las  clases virtuales y no se conectaba ni mandaba evidencias;yo  la llamo para saber cual era el motivo de no participar y según la madre prefería que su hijo repitiera el año escolar,porque no tenía tiempo y unas serie de dificultades.comencé  a dialogar y le dije que el niño ya tenía una edad,que el próximo año iba muy grande para esté nivel.Al fin por medio del diálogo la mamá entendió y se logró que uno de los tantos niños que más participan.",De la negación a la colaboración,Motivación,De vez en cuando,La vinculación de las familias a las propuestas de la Institución Educativa. El desempeño de los docentes y sus prácticas. El trabajo colaborativo entre las docentes.,0,0,1,0,1,0,0,0,0,1,0,Familias y otras personas significativas,,Fui muy honesto y conté lo que me pasó,"Habilidades comunicativas: contar historias, argumentar, conversar, exponer ideas, escribir textos, leer y comprender.",0,1,0,0,0,0,Resolución de problemas.,0,0,0,1,0,0,0,0,Acompañar a las familias para que apoyen el desarrollo de sus hijos.,133791761,cffe3da0-091c-471c-a8d7-0014a4a74ddc,2020-10-30T16:57:27,,21
2020-11-05T10:21:33.922-05:00,2020-11-05T10:28:33.733-05:00,2020-11-04,Sí,2020-11-05,Atlántico,,Institución educativa de carrizal,"Interesante ver como los niños van relacionandose con el.proceso de lectura , con el nuevo proyecto y ver como ellos se van interesando en lo novedoso , en lo innovador",#lecturaglobal,Motivación,Todo el tiempo,La vinculación de las familias a las propuestas de la Institución Educativa. El acompañamiento a las transiciones de las niñas y los niños.,0,0,1,0,0,0,0,1,0,0,0,Niños/niñas,,Fui muy honesto y conté lo que me pasó,"Habilidades comunicativas: contar historias, argumentar, conversar, exponer ideas, escribir textos, leer y comprender.",0,1,0,0,0,0,Pensamiento Crítico.,0,0,1,0,0,0,0,0,Potenciar el desarrollo de los niños y las niñas.,135250025,b0bae57c-c900-4a5d-9d23-558c5db5fb73,2020-11-05T15:28:35,,22
2020-11-05T10:46:39.198-05:00,2020-11-05T10:52:17.003-05:00,2020-11-04,Sí,2020-11-05,Atlántico,,I Ed Distrital José Consuegra Higgins,una situación positiva de este año es el compromiso de muchos padres en ayudar a sus niños en las actividades escolares y lograr q ellos avancen a pesar q muchos de ellos no están bien preparados  académicamente para realizar esta labor pero han puesto su mejor esmero.,Un reto para los padres de familia.,Orgullo,Todo el tiempo,La vinculación de las familias a las propuestas de la Institución Educativa. El desempeño de los docentes y sus prácticas.,0,0,1,0,1,0,0,0,0,0,0,Familias y otras personas significativas,,Fui muy honesto y conté lo que me pasó,"Habilidades comunicativas: contar historias, argumentar, conversar, exponer ideas, escribir textos, leer y comprender. Habilidades socioemocionales:  meditar, acompañar y guiar, sentido del humor, incentivar y motivar, compartir y ser solidario, auto-regulación.",0,1,1,0,0,0,Resolución de problemas. Creatividad e Innovación.,0,0,0,1,0,0,1,0,Acompañar a las familias para que apoyen el desarrollo de sus hijos.,135256235,d3439130-b810-43ad-a914-999e4da78584,2020-11-05T15:52:17,,23
2020-11-05T10:21:11.231-05:00,2020-11-05T10:59:33.484-05:00,2020-11-04,Sí,2020-11-05,Atlántico,,Institución Educativa Distrital Jose Consuegra Higgins,"una situación:  cuando entre a trabajar en la institución me entregaron de carga academica un segundo grado el cual eran niños con muchas problematicas  pero la mas siginificativa es que eran niños agresivos, pero muy inteligentes ya que logre con ellos hacer un festival literario donde todos participaron y le mostre a los demas docentes que esos niños no eran lo que todos  pensaban si tenian problemas de conducta pero eras muy buenos con la parte literaria y en las matematicas",Niños soñadores,Motivación,De vez en cuando,Las formas como están organizadas las rutinas diarias. Los momentos de alimentación de las niñas y los niños. La disposición intencionada de los espacios y ambientes.,0,1,0,1,0,1,0,0,0,0,0,Niños/niñas,,Fui muy honesto y conté lo que me pasó,"Habilidades artísticas: bailar, cantar, actuar/representar, dibujar/pintar, tocar instrumentos, modelar, jugar. Habilidades comunicativas: contar historias, argumentar, conversar, exponer ideas, escribir textos, leer y comprender. Habilidades socioemocionales:  meditar, acompañar y guiar, sentido del humor, incentivar y motivar, compartir y ser solidario, auto-regulación.",1,1,1,0,0,0,Trabajo Colaborativo. Manejo de herramientas tecnológicas. Creatividad e Innovación.,1,0,0,0,1,0,1,0,Acompañar a las familias para que apoyen el desarrollo de sus hijos.,135258725,d7ad3570-df72-4a32-8b28-0922fc6fb6db,2020-11-05T15:59:34,,24
2020-11-05T10:20:32.456-05:00,2020-11-05T11:02:48.168-05:00,2020-11-04,Sí,2020-11-05,Atlántico,,IED José Consuegra Higgins,"Algunos padres expresan inquietudes acerca del tránsito del Preescolar al grado Primero y cómo será la adaptación de este proceso, ya que consideran que los niños se perdieron de esas interacciones en el aula con su maestra y niños debido a la contingencia del covid 19 y han existido limitaciones de conectividad en la comunidad que no han permitido muchos encuentros sincrónicos.",#Yahoraquesigue?,Motivación,De vez en cuando,La calidad de las interacciones entre los actores.,0,0,0,0,0,0,1,0,0,0,0,Niños/niñas,,Reflexioné y aprendí algo nuevo,"Habilidades comunicativas: contar historias, argumentar, conversar, exponer ideas, escribir textos, leer y comprender.",0,1,0,0,0,0,Manejo de la Información y Comunicación.,0,0,0,0,0,1,0,0,Acompañar a las familias para que apoyen el desarrollo de sus hijos.,135259337,78a72051-5842-4422-a6f2-dfa0c87611ed,2020-11-05T16:02:48,,25
2020-11-05T10:56:55.564-05:00,2020-11-05T11:06:01.710-05:00,2020-11-04,Sí,2020-11-17,Atlántico,,Sarid Arteta de Vásquez,"A comienzo de año tuve un niño llamado Sebastián, el desde que entró fue llendo al baño y llevaba su desayuno diariamente donde el desayuno le ocasionaba vómito severo y salía del baño corriendo y to iba atrás de él corriendo, pero no hacía nada en el baño, no vomitaba, salía a sentarse para no trabajar nada en clases entonces tomé la descion de cargarlo y darle el desayuno en mis piernas y de ahí nunca volvió a vomitar. Después de eso me veía todos los días, me sonreía y me abrazaba.",Niño falta de afecto,Orgullo,Única vez,El desempeño de los docentes y sus prácticas.,0,0,0,0,1,0,0,0,0,0,0,Niños/niñas,,Reflexioné y aprendí algo nuevo,"Habilidades socioemocionales:  meditar, acompañar y guiar, sentido del humor, incentivar y motivar, compartir y ser solidario, auto-regulación.",0,0,1,0,0,0,Manejo de la Información y Comunicación.,0,0,0,0,0,1,0,0,Actuar de la mejor manera para conservar mi empleo.,135260118,f2f75d73-57c4-400e-8550-e46174bd285f,2020-11-05T16:06:03,,26
2020-11-05T11:01:15.110-05:00,2020-11-05T11:21:29.972-05:00,2020-11-04,Sí,2020-11-05,Atlántico,,SARID ARTETA De VÁSQUEZ,"En mi institución realizamos un día de talentos, los transiciones escogimos el tema del rescate de las rondas, donde cada curso debía hacer su presentación, yo disfrace a mis niños y niños de gato, rones y ratonas, ellos motivados con la música y el baile, llegó el gran día de la presentación, cual sorpresa para ellos su profe Verónica disfrazada de ratonas, la felicidad y sorpresa en sus rostros fue espectacular. Ellos se sintieron más seguros y la presentación genial. Mis padres agrede idos y contentos.",¡Que maravilla!,Alegría,De vez en cuando,La vinculación de las familias a las propuestas de la Institución Educativa.,0,0,1,0,0,0,0,0,0,0,0,Niños/niñas,,Fui muy honesto y conté lo que me pasó,"Habilidades artísticas: bailar, cantar, actuar/representar, dibujar/pintar, tocar instrumentos, modelar, jugar. Habilidades comunicativas: contar historias, argumentar, conversar, exponer ideas, escribir textos, leer y comprender. Habilidades socioemocionales:  meditar, acompañar y guiar, sentido del humor, incentivar y motivar, compartir y ser solidario, auto-regulación.",1,1,1,0,0,0,Trabajo Colaborativo. Resolución de problemas. Creatividad e Innovación. Vida y Carrera.,1,0,0,1,0,0,1,1,Potenciar el desarrollo de los niños y las niñas.,135264923,6bb4a31b-31b5-4272-9833-a823b73cbee8,2020-11-05T16:21:30,,27
2020-11-06T08:57:28.828-05:00,2020-11-06T09:01:03.342-05:00,2020-11-05,Sí,2020-11-06,Atlántico,,I. E.d. de Carrizal,Los niños de mi grado se interesan trabajar en actividades que tengan que ver con juegos y competencias eso les genera motivación y ganas de aprender,#jugando aprendo,Motivación,De vez en cuando,El desempeño de los docentes y sus prácticas.,0,0,0,0,1,0,0,0,0,0,0,Niños/niñas,,Fui muy honesto y conté lo que me pasó,"Habilidades socioemocionales:  meditar, acompañar y guiar, sentido del humor, incentivar y motivar, compartir y ser solidario, auto-regulación.",0,0,1,0,0,0,Trabajo Colaborativo.,1,0,0,0,0,0,0,0,Potenciar el desarrollo de los niños y las niñas.,135447989,e34645f1-ab0d-46e9-a616-0aed17dac539,2020-11-06T14:01:05,,28
2020-11-06T08:53:21.045-05:00,2020-11-06T09:11:54.299-05:00,2020-11-05,Sí,2020-11-06,Atlántico,,IED José Consuegra Higgins,"La situación que estoy viviendo es con un estudiante quien es de padres fallecidos, lo adoptó su tío, quien desde bebé ha estado con él... Pero hace un año, el tío se comprometió con una señora quien ya tenía una hija. Esto le ha afectado mucho al estudiante ya que él siente que su papá le presta más atención a su nueva familia. El niño es remitente y este año ha presentado un retrato en la parte académica, yo lo llamo y llevo un seguimiento con él pero no veo mucho compromiso de parte de la familia. Esto me entristece porque sé que el estudiante puede dar más. Pero no tiene el acompañamiento necesario. Yo como su maestra desde el año pasado, sigo motivando lo a realizar las actividades y le envío por medio del WhatsApp de la madrastra vídeos lúdicos donde el niño encuentra espacios de aprendizaje porque la persona que está con el me lo expresa. Que el se entretiene viendo los vídeos y eso lo motiva a realizar las actividades. Pero ella dice que hay días en los que no quiere hacer nada. Me imagino que son en los días en que alguna situación que vivió en el hogar le incomoda... Esta es mi historia para mí es muy significativa porque veo como soy una persona importante en la vida del estudiante ya que lo ayudo en su proceso académico. En este tiempo remoto, ha sido un poco más difícil, pero no imposible.",#EnTiempoRemotoSiSePuede,Motivación,De vez en cuando,La vinculación de las familias a las propuestas de la Institución Educativa.,0,0,1,0,0,0,0,0,0,0,0,Familias y otras personas significativas,,Fui muy honesto y conté lo que me pasó,"Habilidades socioemocionales:  meditar, acompañar y guiar, sentido del humor, incentivar y motivar, compartir y ser solidario, auto-regulación.",0,0,1,0,0,0,Resolución de problemas.,0,0,0,1,0,0,0,0,Acompañar a las familias para que apoyen el desarrollo de sus hijos.,135450658,d4b8fb90-8e0c-4a4c-b5e8-eeb0ae214405,2020-11-06T14:11:55,,29
2020-11-06T09:11:13.694-05:00,2020-11-06T09:24:25.733-05:00,2020-11-05,Sí,2020-11-06,Atlántico,,I. E. D. José Consuegra Higgins,"Hasta el momento experiencias negativas con respecto a la transición de los estudiantes no he vivido, Po lo general durante la primera semana de adaptación les brindo a los niños diferente actividades lúdicas, juegos que los hagan sentir en confianza, y no vean al colegio como un lugar estricto, ellos vienen de unos CDI o Hogares  Comunitarios, dónde manejan metodologías diferentes, todo lo realizan a través del juego y de salida no se puede llegar a los niños con libros y tareas, se ocasionaría un choque de emociones, hay q enamorarlos pero del lugar y después si ofrecerles maravillosas experiencias de aprendizaje.",#transicionarmonica.,Alegría,De vez en cuando,El acompañamiento a las transiciones de las niñas y los niños.,0,0,0,0,0,0,0,1,0,0,0,Niños/niñas,,Fui muy honesto y conté lo que me pasó,"Habilidades comunicativas: contar historias, argumentar, conversar, exponer ideas, escribir textos, leer y comprender.",0,1,0,0,0,0,Trabajo Colaborativo.,1,0,0,0,0,0,0,0,Potenciar el desarrollo de los niños y las niñas.,135453786,1ddd513a-c7ec-4944-be8d-5be0836cdd2d,2020-11-06T14:24:27,,30
2020-11-06T09:38:30.106-05:00,2020-11-06T10:01:48.691-05:00,2020-11-05,Sí,2020-11-06,Atlántico,,"I.D.E ""Alberto Assa""","Con esta pandemia me siento muy triste ya que tengo tanto tiempo sin ver a mis estudiantes.unque me comunico con ellos a través de llamadas,video llamadas y Whatsapp estos hacido un cambio grande tanto para mi ,los niños y padres de familia.pero todo esto pasará con la voluntad de nuestro padre celestial.",La pandemia me separó de mis niños,Tristeza,De vez en cuando,La apropiación y uso de herramientas tecnológicas. La vinculación de las familias a las propuestas de la Institución Educativa. El trabajo colaborativo entre las docentes.,1,0,1,0,0,0,0,0,0,1,0,Niños/niñas,,Fui muy honesto y conté lo que me pasó,"Habilidades socioemocionales:  meditar, acompañar y guiar, sentido del humor, incentivar y motivar, compartir y ser solidario, auto-regulación.",0,0,1,0,0,0,Trabajo Colaborativo. Manejo de herramientas tecnológicas. Manejo de la Información y Comunicación.,1,0,0,0,1,1,0,0,Acompañar a las familias para que apoyen el desarrollo de sus hijos.,135464513,761415cb-a6e6-4ff2-bcbb-d2b2e7d2ba4f,2020-11-06T15:01:49,,31
2020-11-06T10:03:17.054-05:00,2020-11-06T10:37:00.426-05:00,2020-11-05,Sí,2020-11-06,Atlántico,,Alberto assa,"Este año ha sido muy difícil para todos, lo miro desde el punto de vista como madre y docente. Ironicamente todos los años me toca un grupo con niños bastante pero bastante inquietos y desobedientes, y  este año le exprese a mis compañeras, a mi familia e incluso en la primera y ùnica reuinòn que realice con los padres les dije que por primera vez sentia que tenia un grupo disciplinado,obediente,aplicados, y me sentia feliz. Cuando llega la pandemia y nos mandan a la casa no me preocupe porque pense que nada mas iba a ser por 2 meses, cuando ya estamos en Junio y se escuchaban los rumores que no ibamos a volver , me dio tristeza ,impotencia , senti rabia  y llore  decia  porque este año si tenia un curso en donde los niños, me estaban trabajando bien e incluso por primera vez dejaba la reja del salon abierta y nadie se me salia, en cambio en los años anteriores me tocaba hasta poner candado para que no se escaparan y se fueran para el parque a  esconderse . Esa es historia, pero yo se que con el favor de Dios el otro año me va a llegar un grupo igual a mi aula y si me llegan muy indisciplinados igual los recibire con mucho amor y paciencia, porque por alguna razon Dios me regalo el don de enseñarle a niños tan pequeños y hermosos. Dios nos bendiga a todos los docentes para seguir con esta hermosa labor.",Año inolvidable,Motivación,Única vez,Otro,0,0,0,0,0,0,0,0,0,0,1,Niños/niñas,,Reflexioné y aprendí algo nuevo,"Habilidades socio-ambientales: cuidado de sí mismo, de otros y de la naturaleza.",0,0,0,0,1,0,Trabajo Colaborativo. Resolución de problemas.,1,0,0,1,0,0,0,0,Potenciar el desarrollo de los niños y las niñas.,135473929,396e689b-8c0d-4033-8e5b-97b06edfc999,2020-11-06T15:37:01,,32
2020-11-06T09:57:42.859-05:00,2020-11-06T10:41:15.134-05:00,2020-11-05,Sí,2020-11-06,Atlántico,,CONCENTRACION CEVILLAR,"Contexto: Trabajo con niños de 1.º, de estratos 1,2 y desplazados, donde algunos viven en caniches y en áreas donde no hay conexión a internet. Como docente al comenzar por allá en el mes de marzo ,con.las clases por zoom ,todo marchaba dentro de lo normal porque en la mayoría se conectaba con el acompañamiento de un adulto responsable que en la mayoría de los casos era ka mamá. Pero  al levantar la restricciones la mayoría de estos padres se fueron a trabajar por obvias razones,llevándose así la única herramienta como es teléfono. Ante esta situación ahora solo se conectan 6 u 8 alumnos.y esto me causa mucha frustración, en el grupo de wasapt se fijan las guías de trabajo, y los que no tienen ningún medio ,se le dejan.las guías físicas a estos niños que por lo general recoje un mototaxi. Aprovecho lis domingos o festivos o cualquier momento y les hago videollamada a los que aceptan. Pero bueno todo esto son oportunidades para crecer y no ver obstáculos sino seguir buscando estrategias hasta el final de año. A todos los niños les he dejado en el cole un diploma por su esfuerzo personal,como manera de estímulo para finalizar su año lectivo. Quiero resaltar que de este grupo de 29 alumnos solo desertaron 2 .Estos diplomas se le entregan.aprovechando que lis padres van a buscar las meriendas del  programa del gobierno Paes.v",#SOS,Impotencia ,Todo el tiempo,La apropiación y uso de herramientas tecnológicas. Las formas como están organizadas las rutinas diarias. El acompañamiento a las transiciones de las niñas y los niños.,1,1,0,0,0,0,0,1,0,0,0,Familias y otras personas significativas,,Fui muy honesto y conté lo que me pasó,"Habilidades artísticas: bailar, cantar, actuar/representar, dibujar/pintar, tocar instrumentos, modelar, jugar. Habilidades comunicativas: contar historias, argumentar, conversar, exponer ideas, escribir textos, leer y comprender. Habilidades socioemocionales:  meditar, acompañar y guiar, sentido del humor, incentivar y motivar, compartir y ser solidario, auto-regulación. Habilidades manuales: tejer, sembrar, cocinar. Habilidades socio-ambientales: cuidado de sí mismo, de otros y de la naturaleza.",1,1,1,1,1,0,Trabajo Colaborativo. Sostenibilidad. Resolución de problemas.,1,1,0,1,0,0,0,0,Acompañar a las familias para que apoyen el desarrollo de sus hijos.,135475053,a6eb9078-0708-4438-b735-dfeb2f97f459,2020-11-06T15:41:16,,33
2020-11-06T11:31:51.941-05:00,2020-11-06T11:49:18.133-05:00,2020-11-05,No,2020-11-06,Atlántico,,ALBERTO ASSA,"La experiencia significativa que he tenido en este año y con la virtualidad es lograr que algunas familias. a pesar de las limitaciones de la conectividad lograron realizar actividades lùdicas,daramatizaciòn y algunas recetas saludables,ademàs de bailar y aprender con los niños normas de autocuidad bastante o para mantenerse saludables.Eso  me emocionò",#  PARTICIPACIÒN ACTIVA DE FAMILIAS ASSA,Motivación,De vez en cuando,La vinculación de las familias a las propuestas de la Institución Educativa.,0,0,1,0,0,0,0,0,0,0,0,Familias y otras personas significativas,,Fui muy honesto y conté lo que me pasó,"Habilidades artísticas: bailar, cantar, actuar/representar, dibujar/pintar, tocar instrumentos, modelar, jugar. Habilidades comunicativas: contar historias, argumentar, conversar, exponer ideas, escribir textos, leer y comprender. Habilidades socioemocionales:  meditar, acompañar y guiar, sentido del humor, incentivar y motivar, compartir y ser solidario, auto-regulación. Habilidades socio-ambientales: cuidado de sí mismo, de otros y de la naturaleza.",1,1,1,0,1,0,Trabajo Colaborativo. Resolución de problemas. Creatividad e Innovación.,1,0,0,1,0,0,1,0,Acompañar a las familias para que apoyen el desarrollo de sus hijos.,135493267,6a51e5a5-1c89-47d6-999e-4a677760743a,2020-11-06T16:49:03,,34
2020-11-06T12:03:19.609-05:00,2020-11-06T12:26:07.141-05:00,2020-11-05,Sí,2020-11-06,Atlántico,,Ied José Consuegra Higgins,"Mí historia está relacionada con la ayuda brindada a una niñas y sus hermanos que vivían en extrema pobreza. Ella era mí alumna de cuatro años con problema de visión  y dificultad para caminar. A raíz de esto fui a visitarla con otros compañeras y pudimos darnos cuenta de la difícil situación que vivían ella,sus hermanos y otros niños en esa misma zona. Sorprendifos y angustiados por esa situación que encontramos,nos dimos a la tarea de buscar personas que nos colaborarán en ayudar y aportar algo bueno a esas familias. Así hablamos con un amigo que vivía en Noruega y el nos respondió positivamente. Porque muchos de los amigos de el también se unieron a esta idea. Ellos nos colaboraron donando útiles escolares y uniformes ,también se pudo llevar a la niña a cita médica para hacerle revisión de su vista y al ortopedista . La niña ffue valorada y así se le pudo conseguir que lle donarran botas ortopédicas. Estás idea se volvió un proyecto que ayudaba a muchos niños de la escuela desde el preescolar hasta el grado 11. Así por muchos años se beneficiaron muchos niños y se les tenía en cuenta también en programas nutricionales que le ayudarán a mejorar su estado de salud. A los padres los vincularnos a charlas formativas que ayudarán a mejorar sus relaciones familiares y con sus vecinos a interesarse en mejorar el entorno en que vivían.  de salud en",#Lazos de fraternidad,Alegría,Todo el tiempo,La vinculación de las familias a las propuestas de la Institución Educativa. El desempeño de los docentes y sus prácticas. El acompañamiento a las transiciones de las niñas y los niños. La documentación de las experiencias realizadas en la Institución Educativa.,0,0,1,0,1,0,0,1,1,0,0,Niños/niñas,,Fui muy honesto y conté lo que me pasó,"Habilidades comunicativas: contar historias, argumentar, conversar, exponer ideas, escribir textos, leer y comprender. Habilidades socioemocionales:  meditar, acompañar y guiar, sentido del humor, incentivar y motivar, compartir y ser solidario, auto-regulación. Habilidades socio-ambientales: cuidado de sí mismo, de otros y de la naturaleza.",0,1,1,0,1,0,Trabajo Colaborativo. Pensamiento Crítico. Resolución de problemas.,1,0,1,1,0,0,0,0,Dar cumplimiento a los criterios de calidad de la educación inicial en el marco de la atención integral.,135500965,bc16e46a-8036-45b6-a3c1-dd9458d4962a,2020-11-06T17:26:09,,35
2020-11-06T11:56:05.822-05:00,2020-11-06T12:37:40.939-05:00,2020-11-05,Sí,2020-11-06,Atlántico,,Concentración Cevillar,"Trabajo en jornada de mañana por lo general mis experiencias son positivas y agradables para los niños ya que siempre los estimulo por su buen comportamiento y los premios regalandoles obsequios a todos los niños para mi eso es una gran satisfaccion verlos a ellos felices.Una situación significativa abrumadora para mí fue la que vivi con un niño para mi bipolar o esquizofrenico,cuando llegaba al salon de clases como que se creia el dueño y se portaba agresivo con sus compañeros y hacia mi volteaba las sillas las pateba ,volteaba las canecas botaba o arrazab con las manos los libros de los estantes y de mi escritorio y los tiraba al suelo y si yo le llamaba la atención era pero porque lloraba como si le pegaran una vez me arrebato de la mano el celular y lo lanzo al piso porque yo le estaba grabando para mostrar evidencias y me lo partió,lo bueno es que despues que hacia todo eso al momento de irse el mismo decia me porte bien verdad para que no le comunicara a los papás,se comunico el caso a la coordinadora y psicoorientadora ,el caso es que este niño gritaba si los amigos lo tocaban no le gustaba pero el sí,parecia un agula veloz desquitandose con los niños y esto hizo que a mi se me subiera la presión arterisl y seguir padeciendo esta condición.siendo que mi presión era normal,y al fin los papas se convencieron de la clas de niño  y su comportamiento y lo retiraron del colegio.",#El niño que hizo que sufriera de presión alta,Tranquilidad,De vez en cuando,La calidad de las interacciones entre los actores.,0,0,0,0,0,0,1,0,0,0,0,Niños/niñas,,Fui muy honesto y conté lo que me pasó,"Habilidades socioemocionales:  meditar, acompañar y guiar, sentido del humor, incentivar y motivar, compartir y ser solidario, auto-regulación.",0,0,1,0,0,0,Manejo de la Información y Comunicación.,0,0,0,0,0,1,0,0,Solucionar la situación poniendo en práctica mis conocimientos profesionales y personales.,135503210,adc0b5e9-186d-46f4-acc1-b4772f3f11ef,2020-11-06T17:37:42,,36
